Input,Output"Mobile, Alabama 36688",MobileSTERRETT,SterrettTuscon,Tucson"Atherton, CA",Atherton"Burbank,",Burbank"Burbank, CA",Burbank"Mountain View, CA",Mountain ViewPLEASANT HILL,Pleasant Hill"Stanford, CA",StanfordFairfiled,FairfieldWashington DC,WashingtonWashington D C,WashingtonFt Lauderdale,Fort LauderdaleFt. Lauderdale,Fort LauderdaleGainsville,GainesvilleMiami Beach,MiamiSt. Pete,St. PetersburgTallahasses,TallahasseeDACULA,DaculaIowa,Iowa CityChampaign`,ChampaignDe Kalb,DeKalbIndianapolils,IndianapolisWest Des Moines,Des Moinesbowling green,Bowling GreenLA PLACE,LaPlaceBabson-Park,Babson ParkBRIGHTON,BrightonCambrdige,CambridgeW Newton,West Newtonhyattsville,HyattsvilleAnnapolis 214,AnnapolisMt Pleasant,Mount PleasantMt. Pleasant,Mount PleasantHoughtn,HoughtonSt Louis,St. LouisMinneapolis-St. Paul,MinneapolisSt Paul,St. PaulSt.louis,St. LouisGreensborro,GreensboroWinston-Salem,Winston SalemNYC,New York CityNewark_New Brunswick,Newarkold Bridge,Old Bridge"Buffalo,",Buffalo"New York,",New YorkNY,New YorkBowling Green Ohio,Bowling GreenAthens OH 45701,AthensColubus,Columbus"Easton,",EastonPhiladelpia,PhiladelphiaPhiladephia,PhiladelphiaPittsbrugh,PittsburghPittsbugh,PittsburghForth Worth,Fort Worth"Houston,",HoustonFallls Church,Falls Church"Richmond,VA",Richmond"Bailrigg, Lancaster",Bailrigg150 Stamford Street,LondonBELFAST,Belfast"Lancaster, UK",Lancaster"Birmingham, UK",Birmingham"Cambridge CB12BZ, UK",Cambridge"Cardif,",Cardiff"Cranfield, Bedford",Cranfield"Falmer, Brighton",FalmerHenley-on-Thames,Henley on Thameshove,HoveLondon SW7 2AZ,LondonLondon W11 3NL,LondonLonond,LondonShefffield,SheffieldS. Yorks,South YorksCalgry,Calgary53129 Bonn,BonnGoettingen,GottingenAlfter near Bonn,AlfterD-71083 Herrenberg,HerrenbergD-85049 Ingolstadt,IngolstadtDuesseldorf,DusseldorfFrankfurt/Oder,Frankfurt (Oder)Frankfurt/Main,FrankfurtFreiburg,FreibergGoettingen,GottingenHalle,Halle (Saale)Saarbruecken,SaarbruckenTuebingen,TubingenVörstetten,VaterstettenCanberra BC,CanberraUNSW Sydney,SydneyBROADWAY,BroadwayKensignton,KensingtonSyndey,SydneyUNSW,SydneyCoolangatta,Gold CoastSt Lucia,St. LuciaThe University of Adelaide,AdelaideCaulfield East,Caulfield"Caulfield, Melbourne",Caulfield"Crawley, Perth",Crawley"Carlton, VIC",CarltonDe Boelelaan 1081,Amsterdam1070 MX Amsterdam,Amsterdam3000 DR Rotterdam,Rotterdam5000 LE Tilburg,TilburgAE Groningen,GroningenChangchun City,ChangchunHongkong,Hong KongXi!-an,Xi'anXian,Xi'anXi'an西安市,Xi'anPudong,Shanghai"Chengdu,",Chengdu"Clear Water Bay, Hong Kong",Hong Kong"Pudong, Shanghai",Shanghai"Washington, DC",WashingtonRENNES,RennesTROYES,TroyesTOULOUSE,ToulousePARIS 11,ParisCAEN CEDEX 5,CaenJouy-en-Josas,Jouy en JosasParis Cedex 16,ParisParis La Defense,ParisJouy-en-Josas Cedex,Jouy en JosasClermont-FD France,Clermont Ferrand38003 Grenoble FRANCE,GrenobleCaen Cedex 4,CaenCergy,Cergy-PontoiseCergy - Pontoise,Cergy-PontoiseCergy Pontoise,Cergy-PontoiseCergy Pontoise Cedex,Cergy-PontoiseCergy-Pontoise Cedex,Cergy-PontoiseEcully Cedex,EcullyFontainebleau Cedex,Fontainebleau"Fontainebleau, Cedex",FontainebleauGrenoble Cedex 01,GrenobleGrenoble Cedex 1,GrenobleJouy en Josas Cedex,Jouy en JosasLille Cedex,Lillelyon,LyonMAZAN,MazanMont Saint Aignan,Mont-Saint-AignanPalaiseau Cedex,PalaiseauPARIS Cedex 15,ParisRENNES,RennesRennes Cedex,RennesROUBAIX,RoubaixRoubaix Cedex,RoubaixRoubaix Cedex 1,RoubaixSophia Antipolis Cedex,Sophia AntipolisStrasbourg Cedex,StrasbourgTOULOUSE,ToulouseToulouse Cedex,ToulouseTROYES,Troyes"Linares, Jaen",Linares"Madrid,",MadridSant Cugat des Valles,Sant CugatSant Cugat (Barcelona),Sant CugatGeneva 4,GenevaSt.Gallen,St. GallenGeneve,GenevaLausanne 25,LausanneLausanne-Dorigny,LausanneSt Gallen,St. Gallen2 240127 Bergamo BG,Bergamo33100 Udine,UdineSingapore 117570,Singapore"Jhubei City,",Zhubei City"Shou-Feng,",Shou-Feng"Niaosong Distinct, Kaohsiung City,",Kaohsiung CityChia-yi,ChiayiKaohsiung  City,KaohsiungKaohsiung City,KaohsiungKaohusiung,KaohsiungKaoshiung,KaohsiungHualien County,HualienHsinchu City,HsinchuPingtung 900,PingtungPingtung County,PingtungTaichug,TaiChungTaichung City,TaiChungTainan city,TainanTaipei City,Taipei"Wenshan, Taipei",TaipeiAarhus C,AarhusOdense M,Odense2000 Frederiksberg,Frederiksberg2500 Valby,ValbyAalborg O,AalborgAarhus N,AarhusAarhus V,AarhusArhus,AarhusCopenhagen K,CopenhagenFrederiksberg / Copenhagen,Copenhagen"Frederiksberg, Copenhagen",CopenhagenFrederiksberg/Copenhagen,CopenhagenFredriksberg,FrederiksbergOdense M,Odense"Odense M, Denmark",Odense"83 Tat Chee Avenue, Kowloon",Kowloon"Tat Chee Avenue, Kowloon",KowloonKowloon Tong,Kowloon"Clear Water Bay, Kowloon, HK",KowloonClear Water Bay,KowloonHong Kong Island,Hong KongHong Kong SAR,Hong Kong"Hong Kong, SAR",Hong KongHongkong,Hong Kong"Hung Hom, Kowloon",Kowloon"Hung Hom, Lowloon",Kowloon"Kowloon Tong, Kowloon",Kowloon"Kowloon, Hong Kong",Kowloon"Kowloon,Hong Kong",KowloonShatin NT,Shatin"Shatin, N.T., Hong Kong",Shatin"Tat Chee Avenue, Hong Kong",Hong KongSingapore/ France,SingaporeAalto/Espoo,AaltoUniversity of Oulu,Oulu"Guri Si,",Guri SiUlju-gun,UljuGwangju,Gwangju City"Jongro-gu, Seoul",SeoulAntwerp 1,AntwerpAntwerpen,Antwerp9000 Gent,Gent3000 Leuven,LeuvenBrussel,BrusselsGhent 9000,GentLouvain,Louvain-la-NeuveFortaleza  60811341,FortalezaPorto Alegre/RS,Porto AlegreSaoPaulo,Sao Paulo1300- Jd. Sta Luiza Limeira,Limeira"Bangalore, Karnataka",Bangalore"Bannerghatta, Bangalore",BangaloreBeer-Sheva,BeershebaHerzelya,Herzliya"Jerusalem, Israel",Jerusalem"Ramat Aviv, Tel Aviv",Tel AvivRamat-gan,Ramat GanTel-Aviv,Tel AvivHagenberg i.M.,Hagenberg imSE-223 63 Lund,LundSE-581 83 Linkoping,LinkopingHelleveien 30,HelleveienN-0790 Olso,OlsoNO-8049 BODO,BodoSANDVIKA,Sandvika"Auckland Central, Auckland",AucklandAuckland Central,AucklandDublin 2,DublinDublin 4,DublinDublin 9,Dublin"Blackrock, Co. Dublin",DublinCo. Kildare,County KildareHigashi-ku Fukuoka,FukuokaYokohama-shi,YokohamaAVEIRO,AveiroKotli AJ&K,KotliISTANBUL,IstanbulBeykoz 34810 İstanbul,IstanbulSantiago de Chile,Santiagokesserwan,Keserwantripoli,Tripoli"Alajuela,",Alajuela"Klongsan, Bangkok",Bangkok"Agios Tychonas,Limassol 4521, Cyprus",CyprusDOHA 2713,Doha