_id,ltable_a_id,rtable_person_id,ltable_a_name,ltable_a_country,ltable_a_city,ltable_a_prov,ltable_a_web,rtable_a_name,rtable_a_country,rtable_a_city,rtable_a_prov,rtable_a_email_server,gold_label4,10,17806,aalto university,finland,espoo,,http://www.aalto.fi/fi/,aalto university,finland,espoo,,aalto.fi,129,21864,57157,university applied sciences zurcher fachhochschule,switzerland,zurich,,http://www.zfh.ch,zurich university applied sciences,switzerland,winterthur,,zhaw.ch,066,11593,55585,metropolitan state university,united states,saint paul,minnesota,http://www.metrostate.edu,metropolitan state university,united states,minneapolis,minnesota,metrostate.edu,172,11629,34962,miami university,united states,oxford,ohio,http://www.muohio.edu,miami university,united states,oxford,ohio,muohio.edu,1103,11634,45419,michigan state university,united states,east lansing,michigan,http://www.msu.edu,university michigan,united states,ann arbor,michigan,umich.edu,0106,11634,42622,michigan state university,united states,east lansing,michigan,http://www.msu.edu,michigan state university,united states,east lansing,michigan,msu.edu,1107,11634,14101,michigan state university,united states,east lansing,michigan,http://www.msu.edu,michigan state university,united states,east lansing,michigan,msu.edu,1150,11635,57783,michigan state university michigan state university detroit college law,united states,east lansing,michigan,http://www.law.msu.edu,university michigan,united states,ann arbor,michigan,umich.edu,0170,11636,45419,michigan technological university,united states,houghton,michigan,http://www.mtu.edu,university michigan,united states,ann arbor,michigan,umich.edu,0232,22101,58868,university chinese academy sciences,china,beijing,,http://www.ucas.ac.cn,chinese research academy environmental science,china,beijing,,craes.org.cn,0242,11930,56263,minnesota state university moorhead,united states,moorhead,minnesota,http://www.mnstate.edu,university minnesota,united states,minneapolis,minnesota,umn.edu,0264,11930,7265,minnesota state university moorhead,united states,moorhead,minnesota,http://www.mnstate.edu,university minnesota,united states,minneapolis,minnesota,umn.edu,0268,16252,41276,hamburg university technology,germany,hamburg,,http://www.tu-harburg.de,university hamburg,germany,hamburg,,uni-hamburg.de,0281,11955,26014,mississippi valley state university,united states,itta bena,mississippi,http://www.mvsu.edu,mississippi state university,united states,mississippi state,mississippi,business.msstate.edu,0294,22193,40079,new south wales institute psychiatry,australia,parramatta bc,new south wales,http://www.nswiop.nsw.edu.au/,university new south wales,australia,sydney,nsw,unsw.edu.au,0314,22211,42229,saint petersburg state university economics,russian federation,sankt peterburg,,http://www.unecon.ru/,state university higher school economics,russian federation,moscow,russia,yahoo.com,0322,22224,54289,indian institute forest management,india,bhopal,madhya pradesh,http://www.iifm.ac.in/,indian institute management kozhikode,india,kozhikode,kerala,gmail.com,0331,22224,57514,indian institute forest management,india,bhopal,madhya pradesh,http://www.iifm.ac.in/,indian institute management ahmedabad,india,ahmedabad,gujarat,iimahd.ernet,0341,12023,48626,monash university,australia,melbourne,victoria,http://www.monash.edu.au,monash university,australia,melbourne,victoria,monash.edu,1367,22339,30578,korea soongsil cyber university,south korea,seoul,,http://kcu.ac/,korea university,south korea,seoul,,korea.ac.kr,0404,22863,10131,california state university,united states,long beach,california,http://www.calstate.edu,california state university san marcos,united states,san marcos,california,csusm.edu,0423,22882,59354,louisiana state university alexandria,united states,alexandria,louisiana,http://www.lsua.edu/,louisiana state university,united states,baton rouge,louisiana,lsu.edu,0453,22928,33496,national university ireland institute public administration,ireland,dublin,,http://www.ipa.ie/,national university ireland maynooth,ireland,maynooth,,nuim.ie,0498,23091,30496,lille 1 university national graduate school engineering chemistry lille,france,villeneuve d ascq,cedex,http://www.ensc-lille.fr/,university lille 1,france,lille,,iae.univ-lille1.fr,1512,981,58460,anhui science technology university,china,fengyang,anhui province,http://www.ahstu.edu.cn/,university science and technology liaoning,china,anshan,liaoning,163.com,0577,12353,44016,nanjing university posts telecommunications,china,nanjing,jiangsu province,http://www.njupt.edu.cn,nanjing university,china,nanjing,jiangsu,sina.com,0590,23182,59352,virginia tech carilion school medicine,united states,roanoke,virginia,http://www.vtc.vt.edu/,university virginia,united states,charlottesville,virginia,darden.virginia.edu,0610,12365,10008,nanyang technological university,singapore,singapore,,http://www.ntu.edu.sg,nanyang technological university,singapore,singapore,,ntu.edu.sg,1633,1079,40973,arizona state university,united states,tempe,arizona,http://www.asu.edu,arizona state university,united states,tempe,arizona,asu.edu,1655,12421,51434,national chung hsing university,taiwan,taichung,,http://www.nchu.edu.tw/,national chung hsing university,taiwan,taichung,,amber.com.tw,1660,12444,26040,national dong hwa university,taiwan,hualien,,http://www.ndhu.edu.tw,national dong hwa university,taiwan,hualien,taiwan,mail.ndhu.edu.tw,1688,12497,57483,national pingtung university education,taiwan,pingtung,,http://www.npue.edu.tw,national changhua university education,taiwan,changhua,,cc.ncue.edu.tw,0691,1246,51950,atal birahi vajpayee indian institute information technology management,india,gwalior,madhya pradesh,http://www.iiitm.ac.in,indian institute management kozhikode,india,kohzikode,kerala,gmail.com,0701,1246,47350,atal birahi vajpayee indian institute information technology management,india,gwalior,madhya pradesh,http://www.iiitm.ac.in,indian institute management bangalore,india,bangalore,karnataka,gmail.com,0702,1246,22137,atal birahi vajpayee indian institute information technology management,india,gwalior,madhya pradesh,http://www.iiitm.ac.in,indian institute management bangalore,india,bangalore,karnataka,iimb.ernet.in,0712,1246,39241,atal birahi vajpayee indian institute information technology management,india,gwalior,madhya pradesh,http://www.iiitm.ac.in,indian institute management ahmedabad,india,ahmedabad,gujarat,iimahd.ernet.in,0717,12516,34211,national taiwan university physical education sport,taiwan,taichung,,http://www.ntupes.edu.tw/,national taiwan university,taiwan,taipei,,ntu.edu.tw,0729,1273,9743,auburn university,united states,auburn,alabama,http://www.auburn.edu,auburn university,united states,auburn,alabama,auburn.edu,1809,12632,3157,new mexico state university,united states,las cruces,new mexico,http://www.nmsu.edu,new mexico state university,united states,las cruces,new mexico,nmsu.edu,1842,12636,25370,new york chiropractic college,united states,seneca falls,new york,http://www.nycc.edu,new york university,united states,new york city,new york,stern.nyu.edu,0857,12636,5342,new york chiropractic college,united states,seneca falls,new york,http://www.nycc.edu,new paltz state university new york,united states,saugerties,new york,newpaltz.edu,0861,12636,38662,new york chiropractic college,united states,seneca falls,new york,http://www.nycc.edu,university buffalo state university new york,united states,amherst,new york,gmail.com,0866,12636,54542,new york chiropractic college,united states,seneca falls,new york,http://www.nycc.edu,new york university,united states,new york,new york,stern.nyu.edu,0875,12642,2133,new york law school,united states,new york,new york,http://www.nyls.edu,new york university,united states,great neck,new york,stern.nyu.edu,0896,12642,2379,new york law school,united states,new york,new york,http://www.nyls.edu,university albany state university new york,united states,albany,new york,albany.edu,0900,12642,33988,new york law school,united states,new york,new york,http://www.nyls.edu,baruch college city university new york,united states,new york,new york,baruch.cuny.edu,0946,23523,27308,union schools paraiso faculty sao paulo new centre,brazil,sao paulo,sp,http://www.faculdadedesaopaulo.edu.br/centronovo/index.asp,university de sao paulo,brazil,sao paulo,sp,uol.com.br,0964,12769,6881,north carolina central university,united states,durham,north carolina,http://www.nccu.edu,university north carolina chapel hill,united states,chapel hill,north carolina,unc.edu,0967,12769,230,north carolina central university,united states,durham,north carolina,http://www.nccu.edu,university north carolina charlotte,united states,charlotte,north carolina,uncc.edu,0980,12769,35303,north carolina central university,united states,durham,north carolina,http://www.nccu.edu,university north carolina chapel hill,united states,chapel hill,north carolina,unc.edu,0987,12769,2525,north carolina central university,united states,durham,north carolina,http://www.nccu.edu,north carolina a t state university,united states,greensboro,north carolina,ncat.edu,0996,12770,50912,north carolina state university,united states,raleigh,north carolina,http://www.ncsu.edu,university north carolina charlotte,united states,charlotte,north carolina,uncc.edu,0997,12770,55758,north carolina state university,united states,raleigh,north carolina,http://www.ncsu.edu,university north carolina chapel hill,united states,chapel hill,north carolina,gmail.com,01006,12770,14691,north carolina state university,united states,raleigh,north carolina,http://www.ncsu.edu,university north carolina,united states,chapel hill,north carolina,unc.edu,01019,12770,21999,north carolina state university,united states,raleigh,north carolina,http://www.ncsu.edu,university north carolina,united states,greensboro,north carolina,uncg.edu,01068,1533,31752,beijing technology business university,china,beijing,,http://www.btbu.edu.cn,university science and technology beijing,china,beijing,,manage.ustb.edu.cn,01094,12815,9877,northern alberta institute technology,canada,edmonton,alberta,http://www.nait.ca/,northern alberta institute technology,canada,winnipeg,mb,nait.edu,11182,12872,54906,northwestern university,united states,evanston,illinois,http://www.northwestern.edu,northwestern university,united states,evanston,illinois,northwestern.edu,11191,1615,40016,university applied sciences berner fachhochschule,switzerland,bern,,http://www.bfh.ch,bern university applied sciences,switzerland,bern,bern,alumni.unisg.ch,11199,12895,44811,nottingham trent university,united kingdom,nottingham,,http://www.ntu.ac.uk,university nottingham,united kingdom,nottingham,,nottingham.ac.uk,01212,12900,1717,nova southeastern university,united states,fort lauderdale,florida,http://www.nova.edu,nova southeastern university,united states,fort lauderdale,florida,nova.edu,11298,1732,37439,boston university,united states,boston,massachusetts,http://www.bu.edu,boston university,united states,boston,massachusetts,bu.edu,11305,1732,6472,boston university,united states,boston,massachusetts,http://www.bu.edu,university massachusetts boston,united states,boston,massachusetts,umb.edu,01315,1732,42515,boston university,united states,boston,massachusetts,http://www.bu.edu,boston college,united states,boston,massachusetts,bc.edu,01378,1765,23537,brigham young university,united states,provo,utah,http://www.byu.edu,brigham young university,united states,provo,utah,byu.edu,11395,13059,1065,dublin city university,ireland,dublin,,http://www.dcu.ie,university college dublin,ireland,dublin,,ucd.ie,01413,13069,33496,national university ireland university college dublin,ireland,dublin,,http://www.ucd.ie,national university ireland maynooth,ireland,maynooth,,nuim.ie,01426,13113,39564,oregon state university,united states,corvallis,oregon,http://www.oregonstate.edu,oregon state university,united states,corvallis,oregon,bus.oregonstate.edu,11431,13113,14406,oregon state university,united states,corvallis,oregon,http://www.oregonstate.edu,university oregon,united states,eugene,oregon,uoregon.edu,01435,23982,59272,getulio vargas foundation,brazil,rio de janeiro,,http://portal.fgv.br,fundacao getulio vargas,brazil,sao paulo,sao paulo,gmail.com,11452,1904,25091,california polytechnic state university san luis obispo,united states,san luis obispo,california,http://www.calpoly.edu,california polytechnic state university,united states,san luis obispo,california,calpoly.edu,11456,1904,24864,california polytechnic state university san luis obispo,united states,san luis obispo,california,http://www.calpoly.edu,san jose state university,united states,san jose,california,gmail.com,01466,1904,8640,california polytechnic state university san luis obispo,united states,san luis obispo,california,http://www.calpoly.edu,california polytechnic state university san luis obispo,united states,san luis obispo,california,calpoly.edu,11474,1904,33931,california polytechnic state university san luis obispo,united states,san luis obispo,california,http://www.calpoly.edu,cal poly san luis obispo,united states,san luis obispo,california,calpoly.edu,11475,1906,25091,california state polytechnic university pomona,united states,pomona,california,http://www.csupomona.edu,california polytechnic state university,united states,san luis obispo,california,calpoly.edu,01489,1907,5959,california state university bakersfield,united states,bakersfield,california,http://www.csub.edu,california state polytechnic university pomona,united states,pomona,california,csupomona.edu,01508,1913,3910,california state university fullerton,united states,fullerton,california,http://www.fullerton.edu,california state university san marcos,united states,oceanside,california,csusm.edu,01546,13203,10398,university oulu,finland,oulu,,http://www.oulu.fi/yliopisto,university oulu business school,finland,oulu,,oulu.fi,11548,1912,24074,california state university fresno,united states,fresno,california,http://www.csufresno.edu,california state university long beach,united states,long beach,california,csulb.edu,01564,1914,29364,california state university long beach,united states,long beach,california,http://www.csulb.edu,california state university northridge,united states,northridge,california,gmail.com,01581,1920,5384,california state university san marcos,united states,san marcos,california,http://www.csusm.edu,san diego state university,united states,san diego,california,mail.sdsu.edu,01607,13243,53309,school teacher education university applied sciences st gallen,switzerland,st. gallen,,http://www.phsg.ch,university st gallen,switzerland,st. gallen,,unisg.ch,01628,13242,48452,university teacher education bern,switzerland,bern,,http://www.phbern.ch,university bern,switzerland,bern,,iop.unibe.ch,01691,2080,16080,central michigan university,united states,mount pleasant,michigan,http://www.cmich.edu,university michigan,united states,ann arbor,michigan,umich.edu,01735,13417,57806,peking university,china,beijing,,http://www.pku.edu.cn,peking university,china,beijing,,163.com,11747,13422,35684,pennsylvania college art design,united states,lancaster,pennsylvania,http://www.pcad.edu,university pennsylvania,united states,philadelphia,pennsylvania,wharton.upenn.edu,01758,13422,6447,pennsylvania college art design,united states,lancaster,pennsylvania,http://www.pcad.edu,university pennsylvania,united states,philadelphia,pennsylvania,wharton.upenn.edu,01775,13581,56790,technical university milan,italy,milano,,http://www.polimi.it,university milan,italy,milano,,unimi.it,01844,13839,19174,queen margaret university edinburgh,united kingdom,edinburgh,,http://www.qmu.ac.uk,university edinburgh,united kingdom,edinburgh,uk,ed.ac.uk,01875,13886,49946,rajiv gandhi indian institute management shillong,india,shillong,meghalaya,http://www.iimshillong.in/,indian institute management bangalore,india,bangalore,,iimb.ernet.in,01899,13965,35547,remington college colorado springs,united states,colorado springs,colorado,http://www.remingtoncollege.edu,university colorado colorado springs,united states,colorado springs,colorado,uccs.edu,01900,13965,59973,remington college colorado springs,united states,colorado springs,colorado,http://www.remingtoncollege.edu,university colorado,united states,denver,colorado,ucdenver.edu,01903,13971,58452,renmin university china,china,beijing,,http://www.ruc.edu.cn,renmin university china,china,beijing,,sohu.com,11904,13971,56645,renmin university china,china,beijing,,http://www.ruc.edu.cn,renmin university china,china,beijing,,foxmail.com,11933,13981,58420,rwth aachen university,germany,aachen,,http://www.rwth-aachen.de,rwth aachen university,germany,aachen,,time.rwth-aachen.de,11948,2695,36813,cheyney university pennsylvania,united states,cheyney,pennsylvania,http://www.cheyney.edu,university pennsylvania,united states,philadelphia,pennsylvania,wharton.upenn.edu,01959,13992,4975,rice university,united states,houston,texas,http://www.rice.edu,rice university,united states,houston,texas,rice.edu,11960,13992,59552,rice university,united states,houston,texas,http://www.rice.edu,rice university,united states,houston,texas,rice.edu,11980,14006,59101,university groningen,netherlands,groningen,,http://www.rug.nl,groningen university rug,netherlands,groningen,,student.rug.nl,12001,14092,43783,russian national research medical university named after n i pirogov,russian federation,moskva,,http://www.rsmu.ru,national research university,russian federation,moscow,,dol.ru,02009,14110,17923,rowan university,united states,glassboro,new jersey,http://www.rowan.edu,rowan university,united states,glassboro,new jersey,rowan.edu,12050,2840,38531,city university hong kong,hong kong,hong kong,hong kong sar,http://www.cityu.edu.hk,university hong kong,hong kong,hong kong,,hku.hk,02058,2840,51583,city university hong kong,hong kong,hong kong,hong kong sar,http://www.cityu.edu.hk,city university hong kong,hong kong,hong kong,,cityu.edu.hk,12113,14151,14413,rutgers state university new jersey new brunswick campus,united states,new brunswick,new jersey,http://nb.rutgers.edu,rutgers university,united states,newark,new jersey,business.rutgers.edu,02120,14152,24162,rutgers state university new jersey newark campus,united states,newark,new jersey,http://www.newark.rutgers.edu,rutgers university,united states,piscataway,new jersey,business.rutgers.edu,02121,14152,942,rutgers state university new jersey newark campus,united states,newark,new jersey,http://www.newark.rutgers.edu,rutgers university,united states,newark,new jersey,business.rutgers.edu,12136,14152,17547,rutgers state university new jersey newark campus,united states,newark,new jersey,http://www.newark.rutgers.edu,rutgers university,united states,newark,new jersey,business.rutgers.edu,12142,2863,9134,clemson university,united states,clemson,south carolina,http://www.clemson.edu,clemson university,united states,clemson,south carolina,clemson.edu,12217,3081,57232,columbia university city new york,united states,new york,new york,http://www.columbia.edu,columbia university,united states,new york,new york,columbia.edu,12218,3081,1153,columbia university city new york,united states,new york,new york,http://www.columbia.edu,columbia university,united states,new york,new york,columbia.edu,12225,3081,19793,columbia university city new york,united states,new york,new york,http://www.columbia.edu,new york university,united states,new york,new york,stern.nyu.edu,02233,3081,57246,columbia university city new york,united states,new york,new york,http://www.columbia.edu,columbia university,united states,new york,new york,tc.columbia.edu,12264,3125,59633,concordia university,canada,montreal,quebec,http://www.concordia.ca,concordia university,canada,montreal,qc,jmsb.concordia.ca,12290,3129,46668,concordia university college alberta,canada,edmonton,alberta,http://concordia.ab.ca,university alberta,canada,edmonton,alberta,ualberta.ca,02313,14391,21816,san diego state university,united states,san diego,california,http://www.sdsu.edu,san francisco state university,united states,san francisco,california,sfsu.edu,02333,14396,10131,san francisco state university,united states,san francisco,california,http://www.sfsu.edu,california state university san marcos,united states,san marcos,california,csusm.edu,02345,14401,10131,san jose state university,united states,san jose,california,http://www.sjsu.edu,california state university san marcos,united states,san marcos,california,csusm.edu,02369,3244,52857,cornell university,united states,ithaca,new york,http://www.cornell.edu,cornell university,united states,ithaca,new york,cornell.edu,12384,3365,52277,curtin university,australia,perth,western australia,http://www.curtin.edu.au,curtin university,australia,rivervale,washington,hotmail.com,12432,15170,58317,seoul national university science technology,south korea,seoul,,http://www.seoultech.ac.kr/,seoul national university,south korea,seoul,,snu.ac.kr,02458,3670,32484,depaul university,united states,chicago,illinois,http://www.depaul.edu/,depaul university,united states,chicago,illinois,depaul.edu,12460,3670,2009,depaul university,united states,chicago,illinois,http://www.depaul.edu/,depaul university,united states,chicago,illinois,depaul.edu,12484,3737,58597,diploma university applied sciences,germany,bad sooden allendorf,,http://diploma.de,bits university applied sciences,germany,iserlohn,,bits-iserlohn.de,02505,3908,25013,drexel university,united states,philadelphia,pennsylvania,http://www.drexel.edu,drexel university,united states,philadelphia,pennsylvania,drexel.edu,12518,3923,28005,duke university,united states,durham,north carolina,http://www.duke.edu,duke university,united states,durham,north carolina,duke.edu,12523,3938,41120,east carolina university,united states,greenville,north carolina,http://www.ecu.edu,east carolina university,united states,greenville,north carolina,ecu.edu,12538,3944,58996,east china university science technology,china,shanghai,shanghai,http://www.ecust.edu.cn,south china university technology,china,guangzhou,,scut.edu.cn,02540,3944,53286,east china university science technology,china,shanghai,shanghai,http://www.ecust.edu.cn,huazhong university science technology,china,wuhan,,126.com,02553,15448,20618,singapore management university,singapore,singapore,,http://www.smu.edu.sg,singapore management university,singapore,singapore,,smu.edu.sg,12556,15448,33033,singapore management university,singapore,singapore,,http://www.smu.edu.sg,singapore management university,singapore,singapore,singapore,smu.edu.sg,12558,3948,1142,east stroudsburg university pennsylvania,united states,east stroudsburg,pennsylvania,http://www.esu.edu,university pennsylvania,united states,philadelphia,pennsylvania,wharton.upenn.edu,02579,3949,3740,east tennessee state university,united states,johnson city,tennessee,http://www.etsu.edu,east tennessee state university,united states,johnson city,tennessee,etsu.edu,12611,3968,51649,eastern michigan university,united states,ypsilanti,michigan,http://www.emich.edu,university michigan,united states,ann arbor,michigan,umich.edu,02665,15561,56891,south carolina state university,united states,orangeburg,south carolina,http://www.scsu.edu,university south carolina,united states,columbia,south carolina,mailbox.sc.edu,02688,15589,5967,southeastern oklahoma state university,united states,durant,oklahoma,http://www.se.edu,oklahoma state university,united states,stillwater,oklahoma,okstate.edu,02709,15594,56780,southern alberta institute technology,canada,calgary,alberta,http://www.sait.ca,university alberta,canada,edmonton,alberta,ualberta.ca,02715,15601,9994,southern california institute architecture,united states,los angeles,california,http://www.sciarc.edu,university southern california,united states,los angeles,california,marshall.usc.edu,02716,15601,38673,southern california institute architecture,united states,los angeles,california,http://www.sciarc.edu,university southern california,united states,los angeles,california,usc.edu,02734,15601,42322,southern california institute architecture,united states,los angeles,california,http://www.sciarc.edu,university southern california,united states,los angeles,california,marshall.usc.edu,02739,15601,3638,southern california institute architecture,united states,los angeles,california,http://www.sciarc.edu,university southern california,united states,los angeles,california,marshall.usc.edu,02750,15604,46520,southern california university school oriental medicine acupuncture,united states,los angeles,california,http://www.scusoma.edu/,university southern california,united states,los angeles,california,marshall.usc.edu,02800,15653,5103,southwest minnesota state university,united states,marshall,minnesota,http://www.smsu.edu,university minnesota,united states,minneapolis,minnesota,umn.edu,02809,15653,1076,southwest minnesota state university,united states,marshall,minnesota,http://www.smsu.edu,university minnesota,united states,minneapolis,minnesota,umn.edu,02848,15669,1194,southwestern oklahoma state university,united states,weatherford,oklahoma,http://www.swosu.edu,university oklahoma,united states,norman,oklahoma,ou.edu,02874,12354,54824,nanjing university science technology,china,nanjing,jiangsu province,http://www.njust.edu.cn,huazhong university science technology,china,wuhan,,126.com,02881,12354,58460,nanjing university science technology,china,nanjing,jiangsu province,http://www.njust.edu.cn,university science and technology liaoning,china,anshan,liaoning,163.com,02925,15816,26268,stanford university,united states,stanford,california,http://www.stanford.edu,stanford university,united states,stanford,california,stanford.edu,12939,15816,7857,stanford university,united states,stanford,california,http://www.stanford.edu,stanford university,united states,mountain view,california,stanford.edu,12954,15819,54517,state college florida manatee sarasota,united states,bradenton,florida,http://www.scf.edu/,university florida,united states,gainesville,florida,warrington.ufl.edu,02964,15825,54506,state university new york binghamton,united states,binghamton,new york,http://www.binghamton.edu,state university new york college old westbury,united states,old westbury,new york,oldwestbury.edu,02985,15825,25370,state university new york binghamton,united states,binghamton,new york,http://www.binghamton.edu,new york university,united states,new york city,new york,stern.nyu.edu,02994,15825,42040,state university new york binghamton,united states,binghamton,new york,http://www.binghamton.edu,university albany state university new york,united states,albany,new york,albany.edu,03027,15826,33175,state university new york buffalo,united states,buffalo,new york,http://www.buffalo.edu,state university new york institute technology,united states,utica,new york,point42.com,03033,15826,2568,state university new york buffalo,united states,buffalo,new york,http://www.buffalo.edu,university albany state university new york,united states,delmar,new york,albany.edu,03036,15826,19793,state university new york buffalo,united states,buffalo,new york,http://www.buffalo.edu,new york university,united states,new york,new york,stern.nyu.edu,03065,15824,27560,state university new york system,united states,albany,new york,http://www.suny.edu/,state university new york college old westbury,united states,brooklyn,new york,oldwestbury.edu,03093,15824,54542,state university new york system,united states,albany,new york,http://www.suny.edu/,new york university,united states,new york,new york,stern.nyu.edu,03137,15829,1228,state university new york college buffalo,united states,buffalo,new york,http://www.buffalostate.edu,new york university,united states,new york,new york,stern.nyu.edu,03158,15827,13546,state university new york new paltz,united states,new paltz,new york,http://www.newpaltz.edu,new york university,united states,new york,new york,stern.nyu.edu,03160,15827,2379,state university new york new paltz,united states,new paltz,new york,http://www.newpaltz.edu,university albany state university new york,united states,albany,new york,albany.edu,03180,15827,1228,state university new york new paltz,united states,new paltz,new york,http://www.newpaltz.edu,new york university,united states,new york,new york,stern.nyu.edu,03198,15833,51035,state university new york college old westbury,united states,old westbury,new york,http://www.oldwestbury.edu,university albany state university new york,united states,albany,new york,gmail.com,03216,15833,35473,state university new york college old westbury,united states,old westbury,new york,http://www.oldwestbury.edu,new york university,united states,new york,new york,stern.nyu.edu,03217,15833,56282,state university new york college old westbury,united states,old westbury,new york,http://www.oldwestbury.edu,university buffalo state university new york,united states,buffalo,new york,buffalo.edu,03222,15833,54542,state university new york college old westbury,united states,old westbury,new york,http://www.oldwestbury.edu,new york university,united states,new york,new york,stern.nyu.edu,03228,15835,2133,state university new york college oswego,united states,oswego,new york,http://www.oswego.edu,new york university,united states,great neck,new york,stern.nyu.edu,03229,15835,5921,state university new york college oswego,united states,oswego,new york,http://www.oswego.edu,new york university,united states,new york,new york,stern.nyu.edu,03240,15835,4576,state university new york college oswego,united states,oswego,new york,http://www.oswego.edu,new paltz state university new york,united states,new paltz,new york,newpaltz.edu,03304,15836,38662,state university new york college plattsburgh,united states,plattsburgh,new york,http://www.plattsburgh.edu,university buffalo state university new york,united states,amherst,new york,gmail.com,03314,15837,2133,state university new york college potsdam,united states,potsdam,new york,http://www.potsdam.edu,new york university,united states,great neck,new york,stern.nyu.edu,03366,15839,27560,state university new york college agriculture technology cobleskill,united states,cobleskill,new york,http://www.cobleskill.edu,state university new york college old westbury,united states,brooklyn,new york,oldwestbury.edu,03390,15839,38662,state university new york college agriculture technology cobleskill,united states,cobleskill,new york,http://www.cobleskill.edu,university buffalo state university new york,united states,amherst,new york,gmail.com,03395,15839,1228,state university new york college agriculture technology cobleskill,united states,cobleskill,new york,http://www.cobleskill.edu,new york university,united states,new york,new york,stern.nyu.edu,03423,15842,19793,state university new york college optometry,united states,new york,new york,http://www.sunyopt.edu,new york university,united states,new york,new york,stern.nyu.edu,03439,15843,9029,state university new york college technology alfred,united states,alfred,new york,http://www.alfredstate.edu,new york university,united states,new york,new york,stern.nyu.edu,03442,15843,60039,state university new york college technology alfred,united states,alfred,new york,http://www.alfredstate.edu,university buffalo state university new york,united states,buffalo,new york,buffalo.edu,03444,15843,5921,state university new york college technology alfred,united states,alfred,new york,http://www.alfredstate.edu,new york university,united states,new york,new york,stern.nyu.edu,03448,15843,2895,state university new york college technology alfred,united states,alfred,new york,http://www.alfredstate.edu,university buffalo state university new york,united states,buffalo,new york,buffalo.edu,03497,15845,3615,state university new york college technology delhi,united states,delhi,new york,http://www.delhi.edu,state university new york,united states,old westbury,new york,oldwestbury.edu,03514,15845,8130,state university new york college technology delhi,united states,delhi,new york,http://www.delhi.edu,new york university,united states,brooklyn,new york,nyu.edu,03562,15844,38662,state university new york college technology canton,united states,canton,new york,http://www.canton.edu,university buffalo state university new york,united states,amherst,new york,gmail.com,03585,15846,51035,state university new york empire state college,united states,saratoga springs,new york,http://www.esc.edu,university albany state university new york,united states,albany,new york,gmail.com,03599,15846,6543,state university new york empire state college,united states,saratoga springs,new york,http://www.esc.edu,new york university,united states,new york,new york,stern.nyu.edu,03628,15849,27560,state university new york institute technology utica/rome,united states,utica,new york,http://www.sunyit.edu,state university new york college old westbury,united states,brooklyn,new york,oldwestbury.edu,03640,15849,24912,state university new york institute technology utica/rome,united states,utica,new york,http://www.sunyit.edu,state university new york canton,united states,canton,new york,canton.edu,03645,15849,1248,state university new york institute technology utica/rome,united states,utica,new york,http://www.sunyit.edu,university buffalo state university new york,united states,buffalo,new york,buffalo.edu,03649,15849,5342,state university new york institute technology utica/rome,united states,utica,new york,http://www.sunyit.edu,new paltz state university new york,united states,saugerties,new york,newpaltz.edu,03672,15850,26967,state university new york maritime college,united states,new york,new york,http://www.sunymaritime.edu,new york university,united states,new york,new york,stern.nyu.edu,03678,15850,13546,state university new york maritime college,united states,new york,new york,http://www.sunymaritime.edu,new york university,united states,new york,new york,stern.nyu.edu,03685,15850,19793,state university new york maritime college,united states,new york,new york,http://www.sunymaritime.edu,new york university,united states,new york,new york,stern.nyu.edu,03689,15850,6543,state university new york maritime college,united states,new york,new york,http://www.sunymaritime.edu,new york university,united states,new york,new york,stern.nyu.edu,03700,15850,1228,state university new york maritime college,united states,new york,new york,http://www.sunymaritime.edu,new york university,united states,new york,new york,stern.nyu.edu,03755,15886,57764,stockholm university,sweden,stockholm,,http://www.su.se,stockholm school economics,sweden,stockholm,,hhs.se,03775,15971,56459,superior university,pakistan,lahore,punjab,http://www.superior.edu.pk,superior university,pakistan,lahore,,superior.edu.pk,13782,4439,30432,swiss federal institute technology zurich,switzerland,zurich,,http://www.ethz.ch,swiss federal institute technology lausanne,switzerland,lausanne,,epfl.ch,03799,16025,19310,academy music dramatic arts southern denmark,denmark,odense c,,http://www.sdmk.dk/,university southern denmark,denmark,kolding,,sam.sdu.dk,03800,16025,31638,academy music dramatic arts southern denmark,denmark,odense c,,http://www.sdmk.dk/,university southern denmark,denmark,odense,,sam.sdu.dk,03810,16026,19310,university southern denmark,denmark,odense,,http://www.sdu.dk,university southern denmark,denmark,kolding,,sam.sdu.dk,13818,16035,648,syracuse university,united states,syracuse,new york,http://www.syr.edu,syracuse university,united states,syracuse,new york,syr.edu,13839,4508,57700,erasmus university rotterdam,netherlands,rotterdam,,http://www.eur.nl,erasmus university rotterdam,netherlands,rotterdam,zuid-holland,rsm.nl,13855,4508,45366,erasmus university rotterdam,netherlands,rotterdam,,http://www.eur.nl,erasmus university rotterdam,netherlands,rotterdam,zuid-holland,rsm.nl,13925,16258,47716,eindhoven university technology,netherlands,eindhoven,,http://www.tue.nl,eindhoven university technology,netherlands,eindhoven,,tue.nl,13955,16323,4876,tennessee temple university,united states,chattanooga,tennessee,http://www.tntemple.edu,university tennessee,united states,knoxville,tennessee,utk.edu,03968,16342,37500,texas a m international university,united states,laredo,texas,http://www.tamiu.edu,texas a m university commerce,united states,heath,texas,tamuc.edu,03997,16343,4533,texas a m university,united states,tamu,texas,http://www.tamu.edu,texas a m university commerce,united states,commerce,texas,tamuc.edu,04010,16345,45582,texas a m university system health science center,united states,bryan,texas,http://www.tamhsc.edu,texas a m university,united states,college station,texas,gmail.com,04044,16347,50887,texas a m university corpus christi,united states,corpus christi,texas,http://www.tamucc.edu,texas a m university college station,united states,college station,texas,mays.tamu.edu,04050,16347,45582,texas a m university corpus christi,united states,corpus christi,texas,http://www.tamucc.edu,texas a m university,united states,college station,texas,gmail.com,04085,16349,20227,texas a m university texarkana,united states,texarkana,texas,http://www.tamut.edu,texas a m health science center,united states,college station,texas,tamhsc.edu,04087,16349,49283,texas a m university texarkana,united states,texarkana,texas,http://www.tamut.edu,texas a m university,united states,college station,texas,mays.tamu.edu,04112,16359,28994,texas a m university baylor college dentistry,united states,dallas,texas,http://www.bcd.tamhsc.edu/,texas a m university,united states,college station,texas,mays.tamu.edu,04141,16377,29680,american university cairo,egypt,new cairo,,http://www.aucegypt.edu,american university cairo,egypt,cairo,egypt,aucegypt.edu,14158,4826,53570,esmt european school management technology berlin,germany,berlin,,http://www.esmt.org,berlin institute technology,germany,berlin,,gmail.com,04196,16414,27798,chinese university hong kong,hong kong,shatin,new territories,http://www.cuhk.edu.hk,hong kong university science and technology,hong kong,hong kong,,ust.hk,04215,16414,19695,chinese university hong kong,hong kong,shatin,new territories,http://www.cuhk.edu.hk,hong kong polytechnic university,hong kong,kowloon,,polyu.edu.hk,04229,16416,27603,city university london,united kingdom,london,,http://www.city.ac.uk,university college london,united kingdom,london,,ucl.ac.uk,04234,16416,35491,city university london,united kingdom,london,,http://www.city.ac.uk,university london,united kingdom,egham,surrey,rhul.ac.uk,04336,16419,10583,city university new york brooklyn college,united states,brooklyn,new york,http://www.brooklyn.cuny.edu,city university new york city college,united states,new york,new york,ccny.cuny.edu,04368,16426,52334,city university new york medgar evers college,united states,brooklyn,new york,http://www.mec.cuny.edu,new york university,united states,new york city,new york,gmail.com,04448,16429,25370,city university new york york college,united states,jamaica,new york,http://www.york.cuny.edu,new york university,united states,new york city,new york,stern.nyu.edu,04449,16429,2379,city university new york york college,united states,jamaica,new york,http://www.york.cuny.edu,university albany state university new york,united states,albany,new york,albany.edu,04471,16429,52264,city university new york york college,united states,jamaica,new york,http://www.york.cuny.edu,zicklin school business baruch college city university new york,united states,new york,new york,halbinger.com,04482,16427,57870,city university new york new york city college technology,united states,brooklyn,new york,http://www.citytech.cuny.edu,new york university,united states,new york,new york,stern.nyu.edu,04487,16427,26967,city university new york new york city college technology,united states,brooklyn,new york,http://www.citytech.cuny.edu,new york university,united states,new york,new york,stern.nyu.edu,04492,16427,13546,city university new york new york city college technology,united states,brooklyn,new york,http://www.citytech.cuny.edu,new york university,united states,new york,new york,stern.nyu.edu,04497,16427,25219,city university new york new york city college technology,united states,brooklyn,new york,http://www.citytech.cuny.edu,baruch college city university new york,united states,new york,new york,baruch.cuny.edu,04515,4888,58597,evangelical university applied sciences church music,germany,halle saale,,http://www.ehk-halle.de,bits university applied sciences,germany,iserlohn,,bits-iserlohn.de,04524,16456,8707,george washington university,united states,washington,district of columbia,http://www.gwu.edu,george washington university,united states,washington,district of columbia,gmail.com,14562,16466,7322,hong kong polytechnic university,hong kong,hong kong,,http://www.polyu.edu.hk,city university hong kong,hong kong,kowloon,,cityu.edu.hk,04587,16467,48693,hong kong university science technology,hong kong,hong kong,,http://www.ust.hk,chinese university hong kong,hong kong,hong kong,,baf.cuhk.edu.hk,04620,16467,57260,hong kong university science technology,hong kong,hong kong,,http://www.ust.hk,hong kong polytechnic university,hong kong,kowloon,,polyu.edu.hk,04643,16490,7060,maryland institute college art,united states,baltimore,maryland,http://www.mica.edu/,university maryland,united states,college park,maryland,umd.edu,04670,16488,26808,manchester metropolitan university,united kingdom,manchester,,http://www.mmu.ac.uk,university manchester,united kingdom,manchester,,manchester.ac.uk,04679,16503,1698,ohio state university,united states,columbus,ohio,http://www.osu.edu,ohio state university,united states,columbus,ohio,fisher.osu.edu,14701,4947,4798,ernst abbe hochschule jena university applied sciences,germany,jena,,http://www.eah-jena.de/,carinthia university applied sciences,germany,aichtal neuenhaus,,cti.ac.at,04703,16508,49540,open university hong kong,hong kong,hong kong,,http://www.ouhk.edu.hk,hong kong university science and technology,hong kong,hong kong,,ust.hk,04704,16508,59468,open university hong kong,hong kong,hong kong,,http://www.ouhk.edu.hk,chinese university hong kong,hong kong,nt,,baf.cuhk.edu.hk,04714,16508,58359,open university hong kong,hong kong,hong kong,,http://www.ouhk.edu.hk,hong kong baptist university,hong kong,hong kong,,life.hkbu.edu.hk,04720,16508,26036,open university hong kong,hong kong,hong kong,,http://www.ouhk.edu.hk,city university hong kong,hong kong,kowloon,,cityu.edu.hk,04729,16508,29788,open university hong kong,hong kong,hong kong,,http://www.ouhk.edu.hk,city university hong kong,hong kong,kowloon,,cityu.edu.hk,04732,16508,7322,open university hong kong,hong kong,hong kong,,http://www.ouhk.edu.hk,city university hong kong,hong kong,kowloon,,cityu.edu.hk,04739,16508,17360,open university hong kong,hong kong,hong kong,,http://www.ouhk.edu.hk,hong kong baptist university,hong kong,hong kong,p. r. china,hkbu.edu.hk,04749,16508,14706,open university hong kong,hong kong,hong kong,,http://www.ouhk.edu.hk,hong kong university science and technology,hong kong,hong kong,,ust.hk,04764,16512,42370,pennsylvania state university,united states,university park,pennsylvania,http://www.psu.edu,pennsylvania state university,united states,university park,pennsylvania,psu.edu,14847,16519,21368,pennsylvania state university penn state behrend,united states,erie,pennsylvania,http://psbehrend.psu.edu/,pennsylvania state university harrisburg,united states,middletown,pennsylvania,psu.edu,04882,16521,1779,pennsylvania state university penn state great valley,united states,malvern,pennsylvania,http://www.gv.psu.edu,university pennsylvania,united states,philadelphia,pennsylvania,wharton.upenn.edu,04886,16521,2689,pennsylvania state university penn state great valley,united states,malvern,pennsylvania,http://www.gv.psu.edu,university pennsylvania,united states,philadelphia,pennsylvania,wharton.upenn.edu,04894,16521,3508,pennsylvania state university penn state great valley,united states,malvern,pennsylvania,http://www.gv.psu.edu,pennsylvania state university harrisburg,united states,middletown,pennsylvania,psu.edu,04898,16522,38769,pennsylvania state university penn state harrisburg,united states,middletown,pennsylvania,http://www.hbg.psu.edu,pennsylvania state university,united states,state college,pennsylvania,psu.edu,04932,16522,1313,pennsylvania state university penn state harrisburg,united states,middletown,pennsylvania,http://www.hbg.psu.edu,university pennsylvania,united states,philadelphia,pennsylvania,wharton.upenn.edu,04935,16522,21368,pennsylvania state university penn state harrisburg,united states,middletown,pennsylvania,http://www.hbg.psu.edu,pennsylvania state university harrisburg,united states,middletown,pennsylvania,psu.edu,14938,16522,3508,pennsylvania state university penn state harrisburg,united states,middletown,pennsylvania,http://www.hbg.psu.edu,pennsylvania state university harrisburg,united states,middletown,pennsylvania,psu.edu,15000,16525,42370,pennsylvania state university penn state mont alto campus,united states,mont alto,pennsylvania,http://www.montalto.psu.edu/,pennsylvania state university,united states,university park,pennsylvania,psu.edu,05008,16525,54087,pennsylvania state university penn state mont alto campus,united states,mont alto,pennsylvania,http://www.montalto.psu.edu/,pennsylvania state university,united states,university park,pennsylvania,psu.edu,05023,16525,11858,pennsylvania state university penn state mont alto campus,united states,mont alto,pennsylvania,http://www.montalto.psu.edu/,university pennsylvania,united states,philadelphia,pennsylvania,wharton.upenn.edu,05047,16528,32442,pennsylvania state university penn state shenango,united states,sharon,pennsylvania,http://www.shenango.psu.edu/,university pennsylvania,united states,philadelphia,pennsylvania,wharton.upenn.edu,05052,16528,19946,pennsylvania state university penn state shenango,united states,sharon,pennsylvania,http://www.shenango.psu.edu/,university pennsylvania,united states,philadelphia,pennsylvania,rahulkapoor.com,05062,16528,14329,pennsylvania state university penn state shenango,united states,sharon,pennsylvania,http://www.shenango.psu.edu/,pennsylvania state university,united states,university park,pennsylvania,psu.edu,05199,16526,567,pennsylvania state university penn state new kensington,united states,new kensington,pennsylvania,http://www.nk.psu.edu,pennsylvania state university,united states,university park,pennsylvania,psu.edu,05201,16526,36813,pennsylvania state university penn state new kensington,united states,new kensington,pennsylvania,http://www.nk.psu.edu,university pennsylvania,united states,philadelphia,pennsylvania,wharton.upenn.edu,05226,16553,7574,naval postgraduate school,united states,monterey,california,http://www.nps.edu,naval postgraduate school,united states,monterey,california,nps.edu,15243,16557,60013,university arizona,united states,tucson,arizona,http://www.arizona.edu,university arizona,united states,tucson,arizona,email.arizona.edu,15256,16557,19644,university arizona,united states,tucson,arizona,http://www.arizona.edu,university arizona,united states,tucson,arizona,email.arizona.edu,15261,16560,7269,university birmingham,united kingdom,birmingham,,http://www.birmingham.ac.uk,university birmingham,united kingdom,birmingham,,bham.ac.uk,15264,16559,59149,university auckland,new zealand,auckland,,http://www.auckland.ac.nz,auckland university technology,new zealand,auckland,,aut.ac.nz,05276,16568,28716,university dallas,united states,irving,texas,http://www.udallas.edu,university dallas,united states,dallas,texas,udallas.edu,15286,16568,9821,university dallas,united states,irving,texas,http://www.udallas.edu,university texas dallas,united states,richardson,texas,utdallas.edu,05350,16576,54341,university hong kong,hong kong,hong kong,,http://www.hku.hk,chinese university hong kong,hong kong,shatin,new territories,baf.cuhk.edu.hk,05371,16576,57260,university hong kong,hong kong,hong kong,,http://www.hku.hk,hong kong polytechnic university,hong kong,kowloon,,polyu.edu.hk,05391,16581,24825,university manchester,united kingdom,manchester,,http://www.manchester.ac.uk,university manchester,united kingdom,manchester,,mbs.ac.uk,15480,16604,3831,university texas dallas,united states,richardson,texas,http://www.utdallas.edu,university texas dallas,united states,richardson,texas,sbcglobal.net,15541,16828,11457,toyota technological institute chicago,united states,chicago,illinois,http://www.ttic.edu/contact.php,university chicago,united states,chicago,illinois,chicagobooth.edu,05551,16917,51459,tsinghua university,china,beijing,,http://www.tsinghua.edu.cn,tsinghua university,china,beijing,,sem.tsinghua.edu.cn,15566,16956,58608,university turku,finland,turku,,http://www.utu.fi,university turku,finland,pori,satakunta,utu.fi,15588,6364,17540,florida agricultural mechanical university florida state university,united states,tallahassee,florida,http://www.famu.edu,florida state university,united states,tallahassee,florida,nettally.com,05615,6371,53474,florida gulf coast university,united states,fort myers,florida,http://www.fgcu.edu,university florida,united states,gainesville,florida,warrington.ufl.edu,05649,6374,7026,florida international university,united states,miami,florida,http://www.fiu.edu,florida international university,united states,pinecrest,florida,gmail.com,15666,6378,2078,florida state university,united states,tallahassee,florida,http://www.fsu.edu,florida state university,united states,tallahassee,florida,cob.fsu.edu,15735,6622,17035,georgia institute technology,united states,atlanta,georgia,http://www.gatech.edu,georgia institute technology,united states,atlanta,georgia,scheller.gatech.edu,15741,6623,2304,georgia southern university,united states,statesboro,georgia,http://www.georgiasouthern.edu/,university georgia,united states,athens,georgia,uga.edu,05775,6691,15303,golden gate university,united states,san francisco,california,http://www.ggu.edu,golden gate university,united states,san francisco,california,ggu.edu,15820,6821,16780,montpellier business school,france,montpellier,cedex 4,http://www.montpellier-bs.com,gscm montpellier business school,france,montpellier,france,supco-montpellier.fr,15841,6977,58626,stockholm school economics,sweden,stockholm,,http://www.hhs.se,stockholm university,sweden,stockholm,,fek.su.se,05864,6978,11987,copenhagen business school,denmark,frederiksberg,,http://www.cbs.dk,copenhagen business school,denmark,frederiksberg,,cbs.dk,15870,6978,4857,copenhagen business school,denmark,frederiksberg,,http://www.cbs.dk,copenhagen business school,denmark,copenhagen,,cbs.dk,15881,6979,31112,bi norwegian business school,norway,oslo,,http://www.bi.no,bi norwegian business school,norway,oslo,,bi.no,15905,7039,3875,harvard university,united states,cambridge,massachusetts,http://www.harvard.edu,harvard university,united states,boston,massachusetts,hbs.edu,15962,7162,38728,helmut schmidt university university federal armed forces hamburg,germany,hamburg,,http://www.hsu-hh.de,university hamburg,germany,hamburg,,vub.ac.be,05978,7366,4798,anhalt university applied sciences,germany,kothen,,http://www.hs-anhalt.de,carinthia university applied sciences,germany,aichtal neuenhaus,,cti.ac.at,05990,7384,42378,college applied languages munich,germany,munchen,,http://www.sdi-muenchen.de/hochschule/,university munich,germany,munich,,bwl.lmu.de,06014,7468,51925,hofstra university,united states,hempstead,new york,http://www.hofstra.edu,hofstra university,united states,hempstead,new york,HOFSTRA.EDU,16018,7474,57011,university college ghent,belgium,gent,,http://www.hogent.be,ghent university,belgium,ghent,,UGent.be,06085,7560,9168,hong kong shue yan university,hong kong,hong kong,,http://www.hksyu.edu/,city university hong kong,hong kong,hong kong,hong kong,cityu.edu.hk,06088,7560,32678,hong kong shue yan university,hong kong,hong kong,,http://www.hksyu.edu/,chinese university hong kong,hong kong,hong kong,,baf.cuhk.edu.hk,06092,7560,56270,hong kong shue yan university,hong kong,hong kong,,http://www.hksyu.edu/,hong kong polytechnic university,hong kong,hong kong,,polyu.edu.hk,06099,7560,58522,hong kong shue yan university,hong kong,hong kong,,http://www.hksyu.edu/,chinese university hong kong,hong kong,hong kong,,baf.msmail.cuhk.edu.hk,06106,7560,21843,hong kong shue yan university,hong kong,hong kong,,http://www.hksyu.edu/,city university hong kong,hong kong,hong kong,hong kong,cityu.edu.hk,06141,7603,5605,huazhong university science technology,china,wuhan,hubei province,http://www.hust.edu.cn,hong kong university science and technology,china,hong kong,,ust.hk,06146,7635,7640,hunan institute science technology,china,yueyang city,hu province,http://www.hnist.cn,hong kong university science and technology,china,kowloon,hong kong,ust.hk,06206,7735,34239,illinois state university,united states,normal,illinois,http://www.ilstu.edu,illinois state university,united states,normal,illinois,ilstu.edu,16223,7755,4616,imperial college london,united kingdom,london,,http://www.imperial.ac.uk,imperial college london,united kingdom,london,,imperial.ac.uk,16255,7767,52852,indian institute management bangalore,india,bangalore,karnataka,http://www.iimb.ernet.in/,indian institute management lucknow,india,lucknow,uttar pradesh,iiml.ac.in,06313,7770,57514,indian institute management kozhikode,india,kozhikode,kerala,http://www.iimk.ac.in/,indian institute management ahmedabad,india,ahmedabad,gujarat,iimahd.ernet,06332,7771,28882,indian institute management lucknow,india,lucknow,uttar pradesh,http://www.iiml.ac.in,indian institute management ahmedabad,india,ahmedabad,gujarat,iimahd.ernet.in,06341,18546,4424,macau university science technology,macau,macao,,http://www.must.edu.mo,university macau,macau,macau,,umac.mo,06398,7796,34751,indiana institute technology,united states,fort wayne,indiana,http://www.indianatech.edu,indiana university,united states,bloomington,indiana,tamu.edu,06418,7798,34751,indiana university bloomington,united states,bloomington,indiana,http://www.indiana.edu,indiana university,united states,bloomington,indiana,tamu.edu,16420,7798,59135,indiana university bloomington,united states,bloomington,indiana,http://www.indiana.edu,indiana university bloomington,united states,bloomington,indiana,indiana.edu,16452,7805,59969,indiana university purdue university indianapolis,united states,indianapolis,indiana,http://www.iupui.edu,indiana university,united states,indianapolis,indiana,iupui.edu,16492,7803,33487,indiana university northwest,united states,gary,indiana,http://www.iun.edu,indiana university,united states,bloomington,indiana,indiana.edu,06498,18604,56472,state university campinas,brazil,campinas,sao paulo,http://www.unicamp.br,state university campinas,brazil,limeira,,fca.unicamp.br,16509,18647,24052,federal university sao paulo,brazil,sao paulo,sao paulo,http://www.unifesp.br,pontificia university catolica de sao paulo,brazil,sao paulo,sao paulo,pucsp.br,06510,18647,57879,federal university sao paulo,brazil,sao paulo,sao paulo,http://www.unifesp.br,university de sao paulo,brazil,sao paulo,sao paulo,usp.br,06512,18649,25622,federal university uberlandia,brazil,uberlandia,minas gerais,http://www.ufu.br,federal university uberlandia,brazil,sao paulo,sp,gmail.com,16520,18757,8938,luigi bocconi university,italy,milano,,http://www.unibocconi.it,bocconi university,italy,milano,,unibocconi.it,16525,18757,5307,luigi bocconi university,italy,milano,,http://www.unibocconi.it,bocconi university,italy,milan,italy,sdabocconi.it,16531,18757,16712,luigi bocconi university,italy,milano,,http://www.unibocconi.it,bocconi university,italy,milan,,unibocconi.it,16541,18757,57771,luigi bocconi university,italy,milano,,http://www.unibocconi.it,bocconi university,italy,milano,,uunibocconi.it,16562,18801,57814,university trento,italy,trento,,http://www.unitn.it,university trento,italy,trento,italy,unitn.it,16579,18814,59764,university bologna,italy,bologna,,http://www.unibo.it,university bologna,italy,bologna,,unibo.it,16614,8500,18756,objetivo institute education research,brazil,palmas,tocantins,http://www.iepo.edu.br,insper institute education and research,brazil,sao paulo,sao paulo,insper.edu.br,06625,1909,8640,california state university chico,united states,chico,california,http://www.csuchico.edu,california polytechnic state university san luis obispo,united states,san luis obispo,california,calpoly.edu,06627,1909,1291,california state university chico,united states,chico,california,http://www.csuchico.edu,california state university fullerton,united states,fullerton,california,fullerton.edu,06629,1911,50963,california state university east bay,united states,hayward,california,http://www20.csueastbay.edu,california state university monterey bay,united states,seaside,california,csumb.edu,06641,8664,58109,federal institute education science technology minas gerais,brazil,belo horizonte,mg,http://www.ifmg.edu.br,federal university minas gerais,brazil,belo horizonte,mg,gmail.com,06659,19325,53758,university valencia,spain,valencia,,http://www.uv.es,university valencia,spain,valencia,,uv.es,16681,19358,27160,university passau,germany,passau,,http://www.uni-passau.de,university passau,germany,passau,,uni-passau.de,16728,19584,34463,university fribourg,switzerland,fribourg,,http://www.unifr.ch,university fribourg,switzerland,fribourg,,hefr.ch,16732,19587,54186,university geneva,switzerland,geneva,4,http://www.unige.ch,university geneva,switzerland,geneva,ge,unige.ch,16798,19863,5194,university amsterdam,netherlands,amsterdam,,http://www.uva.nl,vu university amsterdam,netherlands,amsterdam,amsterdam,vu.nl,06809,19863,52314,university amsterdam,netherlands,amsterdam,,http://www.uva.nl,university amsterdam,netherlands,amsterdam,,uva.nl,16820,19863,17955,university amsterdam,netherlands,amsterdam,,http://www.uva.nl,vu university amsterdam,netherlands,amsterdam,,vu.nl,06826,19865,52639,tilburg university,netherlands,tilburg,,http://www.tilburguniversity.edu/,tilburg university,netherlands,tilburg,,uvt.nl,16829,19865,48445,tilburg university,netherlands,tilburg,,http://www.tilburguniversity.edu/,tilburg university,netherlands,tilburg,,tilburguniversity.edu,16831,19865,57761,tilburg university,netherlands,tilburg,,http://www.tilburguniversity.edu/,tilburg university,netherlands,tilburg,,tilburguniversity.edu,16850,9602,3337,iona college,united states,new rochelle,new york,http://www.iona.edu,iona college,united states,new rochelle,new york,iona.edu,16869,19940,10564,university technology malaysia,malaysia,johor bahru,johor,http://www.utm.my,malaysia japan international institute technology,malaysia,kuala lumpur,,yahoo.com,06876,19969,2133,university albany state university new york,united states,albany,new york,http://www.albany.edu,new york university,united states,great neck,new york,stern.nyu.edu,06879,19969,57870,university albany state university new york,united states,albany,new york,http://www.albany.edu,new york university,united states,new york,new york,stern.nyu.edu,06902,19969,1248,university albany state university new york,united states,albany,new york,http://www.albany.edu,university buffalo state university new york,united states,buffalo,new york,buffalo.edu,06908,19969,35473,university albany state university new york,united states,albany,new york,http://www.albany.edu,new york university,united states,new york,new york,stern.nyu.edu,06925,20004,59121,university alabama,united states,tuscaloosa,alabama,http://www.ua.edu,university alabama birmingham,united states,birmingham,alabama,uab.edu,06965,20010,56780,university alberta,canada,edmonton,alberta,http://www.ualberta.ca,university alberta,canada,edmonton,alberta,ualberta.ca,16971,20016,1687,university arkansas,united states,fayetteville,arkansas,http://www.uark.edu,university arkansas,united states,fayetteville,arkansas,uark.edu,16992,20020,1687,university arkansas pine bluff,united states,pine bluff,arkansas,http://www.uapb.edu,university arkansas,united states,fayetteville,arkansas,uark.edu,06995,20020,53494,university arkansas pine bluff,united states,pine bluff,arkansas,http://www.uapb.edu,university arkansas,united states,fayetteville,arkansas,walton.uark.edu,07001,20035,5531,university bath,united kingdom,bath,,http://www.bath.ac.uk,university bath,united kingdom,bath,,bath.ac.uk,17005,20035,50408,university bath,united kingdom,bath,,http://www.bath.ac.uk,university bath,united kingdom,bath,,management.bath.ac.uk,17012,20053,25212,university calgary,canada,calgary,alberta,http://www.ucalgary.ca,university calgary,canada,calgary,alberta,ucalgary.ca,17031,20055,44628,university california,united states,oakland,california,http://www.ucop.edu,university california los angeles,united states,los angeles,california,anderson.ucla.edu,07034,20055,14945,university california,united states,oakland,california,http://www.ucop.edu,university california berkeley,united states,berkeley,california,haas.berkeley.edu,07051,20055,15212,university california,united states,oakland,california,http://www.ucop.edu,university california davis,united states,davis,california,ucdavis.edu,07066,20055,58296,university california,united states,oakland,california,http://www.ucop.edu,university california davis,united states,davis,california,ucdavis.edu,07375,20114,45808,university chicago,united states,chicago,illinois,http://www.uchicago.edu,university illinois chicago,united states,chicago,illinois,uic.edu,07405,20138,53960,university dubai,united arab emirates,dubai,,http://www.ud.ac.ae,university wollongong dubai,united arab emirates,dubai,dubai,uowdubai.ac.ae,07415,20142,19721,durham university durham university st john college,united kingdom,durham,,http://www.dur.ac.uk/st-johns.college,durham university,united kingdom,durham,,durham.ac.uk,07417,20142,7067,durham university durham university st john college,united kingdom,durham,,http://www.dur.ac.uk/st-johns.college,durham university,united kingdom,durham,,durham.ac.uk,07437,20152,43968,university electronic science technology china,china,chengdu,sichuan province,http://www.uestc.edu.cn,huazhong university science technology,china,wuhan,hubei,hust.edu.cn,07446,20160,42623,university florida,united states,gainesville,florida,http://www.ufl.edu,florida international university,united states,miami,florida,fiu.edu,07462,20160,14965,university florida,united states,gainesville,florida,http://www.ufl.edu,florida international university,united states,miami,florida,fiu.edu,07482,20160,51253,university florida,united states,gainesville,florida,http://www.ufl.edu,florida state university,united states,tallahassee,florida,fsu.edu,07547,20185,52601,university houston clear lake,united states,houston,texas,http://www.uhcl.edu,university houston,united states,houston,texas,gmail.com,07552,20185,14288,university houston clear lake,united states,houston,texas,http://www.uhcl.edu,university houston,united states,houston,texas,bauer.uh.edu,07567,20187,54041,university houston victoria,united states,victoria,texas,http://www.uhv.edu,university houston,united states,houston,texas,uh.edu,07590,20193,31514,university illinois urbana champaign,united states,champaign,illinois,http://illinois.edu/,university illinois urbana champaign,united states,champaign,illinois,illinois.edu,17619,20200,57408,university iowa,united states,iowa city,iowa,http://www.uiowa.edu,university iowa,united states,iowa city,iowa,uiowa.edu,17647,20213,655,university kentucky,united states,lexington,kentucky,http://www.uky.edu,university kentucky,united states,lexington,kentucky,gmail.com,17654,20222,46848,university lagos,nigeria,lagos,lagos state,http://www.unilag.edu.ng,lagos business school,nigeria,ajah,lagos,lbs.edu.ng,07670,20224,12410,university leicester,united kingdom,leicester,,http://www.le.ac.uk,university leicester,united kingdom,leicester,,le.ac.uk,17701,20239,58143,university london queen mary,united kingdom,london,,http://www.qmul.ac.uk,queen mary university london,united kingdom,london,,qmul.ac.uk,17730,20242,15319,university london school advanced study,united kingdom,london,,http://www.sas.ac.uk,university london,united kingdom,egham,surrey,rhul.ac.uk,07819,20260,4140,university maine,united states,orono,maine,http://www.umaine.edu,university maine,united states,orono,maine,maine.edu,17844,15828,23376,state university new york college brockport,united states,brockport,new york,http://www.brockport.edu,university buffalo state university new york,united states,buffalo,new york,buffalo.edu,07899,20280,8362,university maryland baltimore county,united states,baltimore,maryland,http://www.umbc.edu,university maryland,united states,college park,maryland,rhsmith.umd.edu,07937,20279,8091,university maryland baltimore,united states,baltimore,maryland,http://www.umaryland.edu,university maryland,united states,college park,maryland,rhsmith.umd.edu,07960,20285,22989,university massachusetts boston,united states,boston,massachusetts,http://www.umb.edu,boston college,united states,chestnut hill,massachusetts,bc.edu,07968,20285,3474,university massachusetts boston,united states,boston,massachusetts,http://www.umb.edu,boston university,united states,west newton,massachusetts,bu.edu,07983,20285,27979,university massachusetts boston,united states,boston,massachusetts,http://www.umb.edu,boston university,united states,boston,massachusetts,bu.edu,07991,20288,12166,university massachusetts medical school,united states,worcester,massachusetts,http://www.umassmed.edu,university massachusetts,united states,boston,massachusetts,umb.edu,07997,20295,10141,university melbourne,australia,melbourne,victoria,http://www.unimelb.edu.au,university melbourne,australia,melbourne,victoria,unimelb.edu.au,18034,20297,8195,university michigan,united states,ann arbor,michigan,http://www.umich.edu,central michigan university,united states,mount pleasant,michigan,cmich.edu,08041,20297,11063,university michigan,united states,ann arbor,michigan,http://www.umich.edu,university michigan,united states,ann arbor,michigan,umich.edu,18048,20297,3961,university michigan,united states,ann arbor,michigan,http://www.umich.edu,michigan state university,united states,east lansing,michigan,msu.edu,08062,20297,41449,university michigan,united states,ann arbor,michigan,http://www.umich.edu,university michigan,united states,ann arbor,michigan,umich.edu,18064,20297,56313,university michigan,united states,ann arbor,michigan,http://www.umich.edu,university michigan,united states,ann arbor,michigan,umich.edu,18083,20298,2093,university michigan dearborn,united states,dearborn,michigan,http://www.umd.umich.edu,university michigan,united states,ann arbor,michigan,umich.edu,08107,20303,55146,university minnesota duluth,united states,duluth,minnesota,http://www.d.umn.edu,university minnesota,united states,minneapolis,minnesota,umn.edu,08190,20326,29019,university nevada las vegas,united states,las vegas,nevada,http://www.unlv.edu,university nevada las vegas,united states,las vegas,nevada,gmail.com,18244,20344,34165,university north carolina asheville,united states,asheville,north carolina,http://www.unca.edu,university north carolina,united states,chapel hill,north carolina,unc.edu,08257,20345,55758,university north carolina chapel hill,united states,chapel hill,north carolina,http://www.unc.edu,university north carolina chapel hill,united states,chapel hill,north carolina,gmail.com,18281,20345,37841,university north carolina chapel hill,united states,chapel hill,north carolina,http://www.unc.edu,university north carolina chapel hill,united states,pittsboro,north carolina,email.unc.edu,18282,20345,51257,university north carolina chapel hill,united states,chapel hill,north carolina,http://www.unc.edu,university north carolina chapel hill,united states,chapel hill,north carolina,kenan-flagler.unc.edu,18297,20346,10892,university north carolina charlotte,united states,charlotte,north carolina,http://www.uncc.edu,university north carolina chapel hill,united states,chapel hill,north carolina,kenan-flagler.unc.edu,08335,20347,34165,university north carolina greensboro,united states,greensboro,north carolina,http://www.uncg.edu,university north carolina,united states,chapel hill,north carolina,unc.edu,08356,20354,30943,university northern british columbia,canada,prince george,british columbia,http://www.unbc.ca,university british columbia,canada,vancouver,bc,sauder.ubc.ca,18379,20364,12212,university oklahoma,united states,norman,oklahoma,http://www.ou.edu,oklahoma state university,united states,stillwater,oklahoma,okstate.edu,08396,20369,56414,university ottawa,canada,ottawa,ontario,http://www.uottawa.ca,telfer school management university ottawa,canada,ottawa,on,telfer.uottawa.ca,18411,20377,43210,university oxford christ church,united kingdom,oxford,,http://www.chch.ox.ac.uk,university oxford,united kingdom,oxford,oxfordshire,gmail.com,08418,20379,14962,university oxford exeter college,united kingdom,oxford,,http://www.exeter.ox.ac.uk,university exeter,united kingdom,exeter,,exeter.ac.uk,08453,10113,7291,kansas state university,united states,manhattan,kansas,http://www.k-state.edu/,university kansas,united states,lawrence,kansas,ku.edu,08474,20436,30163,university pretoria,south africa,pretoria,gauteng,http://www.up.ac.za,gibs / university pretoria,south africa,johannesburg,,gibs.co.za,08497,10172,56019,leuven university college,belgium,heverlee,,http://www.khleuven.be,ku leuven,belgium,leuven,,student.kuleuven.be,18522,10183,42254,catholic university applied sciences munich,germany,munchen,,http://www.ksfh.de,university munich,germany,munich,bavaria,bwl.lmu.de,08523,20476,14201,university saskatchewan,canada,saskatoon,saskatchewan,http://www.usask.ca,university saskatchewan,canada,saskatoon,sk,edwards.usask.ca,18528,20478,55037,university science arts oklahoma,united states,chickasha,oklahoma,http://www.usao.edu,university oklahoma,united states,norman,oklahoma,ou.edu,08536,20480,43972,university science technology beijing,china,beijing,,http://www.ustb.edu.cn,huazhong university science technology,china,wuhan,hubei,mail.hust.edu.cn,08559,20481,43968,university science technology liaoning,china,anshan,liaoning province,http://www.ustl.edu.cn,huazhong university science technology,china,wuhan,hubei,hust.edu.cn,08576,20482,5605,university science technology china,china,hefei,anhui province,http://www.ustc.edu.cn,hong kong university science and technology,china,hong kong,,ust.hk,08607,20499,31346,university south carolina columbia,united states,columbia,south carolina,http://www.sc.edu/,medical university south carolina,united states,charleston,south carolina,musc.edu,08633,20506,37445,university southern california,united states,los angeles,california,http://www.usc.edu,university southern california,united states,los angeles,california,marshall.usc.edu,18669,20513,17981,university southern queensland,australia,toowoomba,queensland,http://www.usq.edu.au,university southern queensland,australia,toowoomba,queensland,usq.edu.au,18728,20607,50974,university utah,united states,salt lake city,utah,http://www.utah.edu,eccles school university utah,united states,salt lake city,utah,utah.edu,18731,20607,6856,university utah,united states,salt lake city,utah,http://www.utah.edu,university utah,united states,salt lake city,utah,business.utah.edu,18737,20610,1336,university vermont,united states,burlington,vermont,http://www.uvm.edu,university vermont,united states,burlington,vermont,uvm.edu,18752,20614,13562,university virginia,united states,charlottesville,virginia,http://www.virginia.edu,virginia tech,united states,blacksburg,virginia,vt.edu,08767,20614,3539,university virginia,united states,charlottesville,virginia,http://www.virginia.edu,university virginia,united states,charlottesville,virginia,darden.virginia.edu,18782,20621,31808,university warwick,united kingdom,coventry,,http://www.warwick.ac.uk,warwick business school,united kingdom,coventry,westmidlands,wbs.ac.uk,18797,20622,14059,university washington,united states,seattle,washington,http://www.washington.edu,university washington,united states,bothell,washington,u.washington.edu,18812,20622,25508,university washington,united states,seattle,washington,http://www.washington.edu,university washington bothell,united states,bothell,washington,gmail.com,08826,20625,2755,university west florida,united states,pensacola,florida,http://www.uwf.edu,university west florida,united states,pensacola,florida,uwf.edu,18860,20629,39304,university western ontario,canada,london,ontario,http://www.uwo.ca,western university,canada,london,on,ivey.uwo.ca,18866,20629,52658,university western ontario,canada,london,ontario,http://www.uwo.ca,university western ontario,canada,london,on,ivey.ca,18870,20636,20048,western sydney university,australia,penrith,new south wales,http://www.uws.edu.au,university sydney,australia,sydney,nsw,hotmail.com,08887,10383,27603,king college london,united kingdom,london,,http://www.kcl.ac.uk,university college london,united kingdom,london,,ucl.ac.uk,08907,20664,52085,university ljubljana,slovenia,ljubljana,,http://www.uni-lj.si,faculty economics ljubljana university,slovenia,ajdovscina,,ef.uni-lj.si,18931,10531,59371,korea nazarene university,south korea,cheonan si,chungcheongnam-do,http://www.kornu.ac.kr,korea university,south korea,seoul,,korea.ac.kr,08933,10531,14942,korea nazarene university,south korea,cheonan si,chungcheongnam-do,http://www.kornu.ac.kr,korea university,south korea,seoul,,korea.ac.kr,08939,20785,58166,utah state university,united states,logan,utah,http://www.usu.edu,university utah,united states,salt lake city,utah,business.utah.edu,08945,20785,3674,utah state university,united states,logan,utah,http://www.usu.edu,university utah,united states,salt lake city,utah,business.utah.edu,08968,20828,3068,vanguard university southern california,united states,costa mesa,california,http://www.vanguard.edu,university southern california,united states,santa monica,california,usc.edu,08970,20828,19955,vanguard university southern california,united states,costa mesa,california,http://www.vanguard.edu,university southern california,united states,los angeles,california,usc.edu,08974,20828,5450,vanguard university southern california,united states,costa mesa,california,http://www.vanguard.edu,university southern california,united states,los angeles,california,usc.edu,08998,20861,6016,vermont technical college,united states,randolph center,vermont,http://www.vtc.edu,university vermont,united states,burlington,vermont,bsad.uvm.edu,09001,20868,58417,victoria university,australia,melbourne,victoria,http://www.vu.edu.au,victoria university,australia,melbourne,victoria,vu.edu.au,19002,20869,12655,university toronto victoria university,canada,toronto,ontario,http://www.vicu.utoronto.ca,university toronto,canada,toronto,on,rotman.utoronto.ca,09023,20905,59352,virginia commonwealth university,united states,richmond,virginia,http://www.vcu.edu,university virginia,united states,charlottesville,virginia,darden.virginia.edu,09033,20905,57031,virginia commonwealth university,united states,richmond,virginia,http://www.vcu.edu,virginia commonwealth university,united states,richmond,virginia,vcu.edu,19080,10745,6669,university copenhagen,denmark,kobenhavn k,,http://www.ku.dk,copenhagen business school,denmark,copenhagen,,cbs.dk,09087,10745,29641,university copenhagen,denmark,kobenhavn k,,http://www.ku.dk,copenhagen business school,denmark,frederiksberg,,cbs.dk,09089,10745,11987,university copenhagen,denmark,kobenhavn k,,http://www.ku.dk,copenhagen business school,denmark,frederiksberg,,cbs.dk,09129,10775,15335,la trobe university,australia,melbourne,victoria,http://www.latrobe.edu.au,la trobe university,australia,bundoora,victoria,latrobe.edu.au,19162,21145,32474,washington state university,united states,pullman,washington,http://www.wsu.edu,university washington,united states,seattle,washington,uw.edu,09203,21199,6886,west texas a m university,united states,canyon,texas,http://www.wtamu.edu,texas a m university,united states,college station,texas,ag.tamu.edu,09206,21199,50887,west texas a m university,united states,canyon,texas,http://www.wtamu.edu,texas a m university college station,united states,college station,texas,mays.tamu.edu,09223,21202,4913,west virginia university,united states,morgantown,west virginia,http://www.wvu.edu,west virginia university,united states,morgantown,west virginia,mail.wvu.edu,19225,21201,42241,west virginia state university,united states,institute,west virginia,http://www.wvstateu.edu/,west virginia university,united states,morgantown,west virginia,gmail.com,09232,21209,42243,western carolina university,united states,cullowhee,north carolina,http://www.wcu.edu,western carolina university,united states,waynesville,north carolina,wcu.edu,19249,21218,42317,western kentucky university,united states,bowling green,kentucky,http://www.wku.edu,western kentucky university,united states,bowling green,kentucky,wku.edu,19271,21220,60038,western michigan university,united states,kalamazoo,michigan,http://www.wmich.edu,university michigan,united states,ann arbor,michigan,umich.edu,09310,10937,58460,liaoning university science technology,china,anshan,liaoning,http://www.ustl.edu.cn/,university science and technology liaoning,china,anshan,liaoning,163.com,19342,21273,1498,william paterson university new jersey,united states,wayne,new jersey,http://www.wpunj.edu,william paterson university,united states,wayne,new jersey,wpunj.edu,19371,11018,36362,london business school,united kingdom,london,,http://www.london.edu/,london business school,united kingdom,london,,london.edu,19385,11018,1815,london business school,united kingdom,london,,http://www.london.edu/,london business school,united kingdom,london,,london.edu,19392,11019,15319,london contemporary dance school,united kingdom,london,,http://www.theplace.org.uk/lcds,university london,united kingdom,egham,surrey,rhul.ac.uk,09418,11042,22451,louisiana state university agricultural mechanical college,united states,baton rouge,louisiana,http://www.lsu.edu/,louisiana state university,united states,baton rouge,louisiana,lsu.edu,19435,11058,40150,loyola university chicago,united states,chicago,illinois,http://www.luc.edu,university chicago,united states,chicago,illinois,uchicago.edu,09445,21362,7640,wuhan university science technology,china,wuhan,hubei province,http://www.wust.edu.cn/wust_en/index.html,hong kong university science and technology,china,kowloon,hong kong,ust.hk,09456,21362,5605,wuhan university science technology,china,wuhan,hubei province,http://www.wust.edu.cn/wust_en/index.html,hong kong university science and technology,china,hong kong,,ust.hk,09461,21364,32556,wuhan yangtze business university,china,wuhan,hubei,http://www.wybu.cn/,wuhan university,china,wuhan,hubei,whu.edu.cn,09485,11079,56981,luoyang institute science technology,china,luoyang,he,http://www.lit.edu.cn,huazhong university science and technology,china,wuhan,hubei,hust.edu.cn,09517,21593,34794,xi'an jiaotong liverpool university,china,suzhou,jiangsu,http://www.xjtlu.edu.cn/en/,xi'an jiaotong university,china,xi an,shannxi,163.com,19519,21593,58465,xi'an jiaotong liverpool university,china,suzhou,jiangsu,http://www.xjtlu.edu.cn/en/,xi'an jiaotong university,china,xi an,shaanxi,mail.xjtu.edu.cn,19523,21593,57211,xi'an jiaotong liverpool university,china,suzhou,jiangsu,http://www.xjtlu.edu.cn/en/,xi'an jiaotong university,china,xi anŒŒÇíæñŒÂí_ñí_í¢,shaanxi_ŒÈŒ«,gmail.com,19529,11313,46559,makerere university,uganda,kampala,,http://www.mak.ac.ug/,makerere university business school,uganda,kampala,,mubs.ac.ug,19545,11416,14005,marshall university,united states,huntington,west virginia,http://www.marshall.edu,marshall university,united states,huntington,west virginia,marshall.edu,19550,21735,53996,yonsei university,south korea,seoul,,http://www.yonsei.ac.kr,yonsei university,south korea,seoul,,yonsei.ac.kr,19562,21737,19946,york college pennsylvania,united states,york,pennsylvania,http://www.ycp.edu,university pennsylvania,united states,philadelphia,pennsylvania,rahulkapoor.com,09563,21737,11159,york college pennsylvania,united states,york,pennsylvania,http://www.ycp.edu,university pennsylvania,united states,philadelphia,pennsylvania,wharton.upenn.edu,09565,21737,27231,york college pennsylvania,united states,york,pennsylvania,http://www.ycp.edu,university pennsylvania,united states,philadelphia,pennsylvania,wharton.upenn.edu,09581,21739,9225,york university,canada,toronto,ontario,http://www.yorku.ca,york university,canada,toronto,on,schulich.yorku.ca,19600,11447,42905,massachusetts institute technology,united states,cambridge,massachusetts,http://www.mit.edu,massachusetts institute technology,united states,cambridge,massachusetts,mit.edu,19634,11496,28256,mcgill university,canada,montreal,quebec,http://www.mcgill.ca,mcgill university,canada,montreal,qc,mail.mcgill.ca,19653,11514,58801,medical university south carolina,united states,charleston,south carolina,http://www.musc.edu,university south carolina,united states,columbia,south carolina,email.sc.edu,09657,11514,56891,medical university south carolina,united states,charleston,south carolina,http://www.musc.edu,university south carolina,united states,columbia,south carolina,mailbox.sc.edu,09667,11527,35914,medical university innsbruck,austria,innsbruck,tyrol,http://www.i-med.ac.at,university innsbruck,austria,innsbruck,,uibk.ac.at,09672,21829,58717,zhejiang ocean university,china,zhoushan,zhejiang province,http://61.153.216.111/zjouenglish,zhejiang university,china,hangzhou,,hotmail.com,09719,21838,48898,zhejiang wanli university,china,ningbo,zhejiang province,http://gjjl.zwu.edu.cn/english,zhejiang university,china,hangzhou,,zju.edu.cn,09724,11542,56899,meiji university,japan,tokyo,,http://www.meiji.ac.jp,meiji university,japan,tokyo,,nifty.com,1